{
  "ret_total": 24.769559370642465,
  "ret_daily_mean": 0.0006986041087661307,
  "max_drawdown": 0.5447311273523864,
  "hit_rate": null,
  "operations": 14103,
  "assumptions": {
    "top_k": 10,
    "proba_threshold": 0.55,
    "stop_loss": 0.05,
    "take_profit": 0.07,
    "clip_ret": 0.15,
    "commission_side": 0.0005,
    "slippage_side": 0.0003
  }
}