{"cfg-001":{"closed_trades_count":1,"eligible":true,"expectancy":0.17453785607196376,"max_drawdown_pct":-0.037493753123442275,"net_profit":0.17453785607196376,"open_trades_count":1,"profit_factor":null,"ranking_score":0.17453785607196376,"total_fees":0.05022476261869065,"total_slippage":0.025112443778110942,"win_rate":1.0}}